{
  "threshold": 0.5235,
  "val": {
    "threshold": 0.5235,
    "auc": 0.900760953402186,
    "pr_auc": 0.5373911213551796,
    "sensitivity": 0.6858974358974359,
    "specificity": 0.9002201027146002
  },
  "test": {
    "threshold": 0.5235,
    "auc": 0.8866408356484416,
    "pr_auc": 0.6122969216956449,
    "sensitivity": 0.5935828877005348,
    "specificity": 0.9166029074215761
  }
}